{
    "epochs": [
        1,
        2,
        3,
        4,
        5,
        6,
        7,
        8,
        9,
        10,
        11,
        12,
        13,
        14,
        15,
        16,
        17,
        18,
        19,
        20,
        21,
        22,
        23,
        24,
        25,
        26,
        27,
        28,
        29,
        30,
        31,
        32,
        33,
        34,
        35,
        36,
        37,
        38,
        39,
        40,
        41,
        42,
        43,
        44,
        45,
        46,
        47,
        48,
        49,
        50,
        51,
        52,
        53,
        54,
        55,
        56,
        57,
        58,
        59,
        60,
        61,
        62,
        63,
        64,
        65,
        66,
        67,
        68,
        69,
        70,
        71,
        72,
        73,
        74,
        75,
        76,
        77,
        78,
        79,
        80,
        81,
        82,
        83,
        84,
        85,
        86,
        87,
        88,
        89,
        90,
        91,
        92,
        93,
        94,
        95,
        96,
        97,
        98,
        99,
        100,
        101,
        102,
        103,
        104,
        105,
        106,
        107,
        108,
        109,
        110,
        111,
        112,
        113,
        114,
        115,
        116,
        117
    ],
    "train_loss": [
        6.889138452099216,
        5.387067290989045,
        4.774545627766271,
        4.416199808329921,
        4.122564955151466,
        3.9118198550808816,
        3.7199451281270672,
        3.551106372205673,
        3.4019347744480255,
        3.2812924727901334,
        3.1738181179908014,
        3.0749638459605557,
        3.0016224574427453,
        2.9300967386307253,
        2.8590406226619596,
        2.7952371959932387,
        2.758134707260132,
        2.7029924565469066,
        2.6759523678810364,
        2.6484420107564617,
        2.5866940336042834,
        2.5574405230122226,
        2.523134127389231,
        2.5050308962791195,
        2.4736294045232956,
        2.453362336140294,
        2.4210098128903295,
        2.3857648683855612,
        2.3945107121129188,
        2.3802426579506166,
        2.3446837927295316,
        2.3232552592000655,
        2.3129120042124103,
        2.298581049433062,
        2.2758304113326533,
        2.2582956634275373,
        2.2372841454905847,
        2.238754046433972,
        2.2154492190207207,
        2.214005403321789,
        2.2009499905124787,
        2.1880171571546985,
        2.179126735428841,
        2.165591339985017,
        2.1644227135196807,
        2.1460353839443576,
        2.1380733310822517,
        2.1312413210715015,
        2.1191361898975987,
        2.112609652426935,
        2.100731614278978,
        2.083239689623925,
        2.088747058843797,
        2.085355190055601,
        2.053055997300917,
        2.0709862972382576,
        2.0627661521542455,
        2.0579784497845557,
        2.041274170524843,
        2.036945141355453,
        2.022963113083378,
        2.0075312891437163,
        2.016490079079905,
        2.015785283747027,
        2.003446536082606,
        1.9898121325215985,
        1.985455163451164,
        1.9897758667115242,
        1.9883206155776978,
        1.9747137904505576,
        1.9647418625247095,
        1.9659757094044839,
        1.9577169797282066,
        1.9553426943379064,
        1.9450457534666985,
        1.9538258601650116,
        1.9450382711348995,
        1.9433227524788148,
        1.9272305292314098,
        1.936770880200786,
        1.9217011505250008,
        1.924671353174025,
        1.9160274251507174,
        1.9110760628854075,
        1.9095862856834165,
        1.9096758497791906,
        1.8944001155114942,
        1.9032635530164166,
        1.896756372993223,
        1.8892072863671088,
        1.8861558199174941,
        1.8836048503014349,
        1.8847023773993214,
        1.8730648357637467,
        1.8708371226772185,
        1.86234714387463,
        1.8692599988937377,
        1.8588120314874956,
        1.8644006309263168,
        1.862794277923338,
        1.8562837327157298,
        1.8514553457014022,
        1.8526594809009183,
        1.839146810888475,
        1.8385101333002891,
        1.836534539561118,
        1.8394287204004103,
        1.8352993507631363,
        1.829908016346347,
        1.8387338959724673,
        1.82232504791752,
        1.8269486601306546,
        1.8223797598808043,
        1.826373470318702,
        1.8135675958141204,
        1.8110836378097535,
        1.802706495783406
    ],
    "train_acc": [
        19.90451612903226,
        34.483225806451614,
        41.30064516129032,
        45.340645161290325,
        48.16903225806452,
        50.248387096774195,
        51.98967741935484,
        53.64,
        54.92322580645161,
        56.060645161290324,
        57.148387096774194,
        58.07419354838709,
        58.670967741935485,
        59.292258064516126,
        59.79290322580645,
        60.365806451612904,
        60.814193548387095,
        61.438709677419354,
        61.55483870967742,
        61.9883870967742,
        62.38,
        62.58064516129032,
        62.965161290322584,
        63.33483870967742,
        63.54709677419355,
        63.534838709677416,
        63.97741935483871,
        64.33741935483872,
        64.17677419354838,
        64.40967741935484,
        64.75483870967741,
        64.95096774193549,
        64.96387096774194,
        65.35096774193548,
        65.32129032258065,
        65.48,
        65.56838709677419,
        65.75548387096774,
        65.92,
        65.94967741935484,
        65.9683870967742,
        66.08516129032257,
        66.39548387096774,
        66.3225806451613,
        66.52645161290323,
        66.62516129032258,
        66.83225806451613,
        66.73290322580645,
        66.79483870967742,
        66.98258064516129,
        67.0,
        67.05290322580645,
        67.29870967741935,
        67.18193548387097,
        67.32645161290323,
        67.35483870967742,
        67.45032258064516,
        67.35806451612903,
        67.8683870967742,
        67.72774193548388,
        67.90451612903226,
        68.05032258064516,
        67.96516129032258,
        68.07677419354839,
        67.91290322580645,
        68.14645161290322,
        68.02193548387096,
        68.26064516129033,
        68.16645161290323,
        68.3541935483871,
        68.28709677419354,
        68.41225806451612,
        68.45225806451613,
        68.6,
        68.41032258064516,
        68.54903225806451,
        68.68774193548387,
        68.56258064516129,
        68.6741935483871,
        68.82193548387097,
        68.77741935483871,
        68.71225806451613,
        68.67612903225806,
        68.99870967741936,
        68.99096774193548,
        68.99612903225807,
        69.11806451612904,
        68.98774193548387,
        69.17612903225806,
        69.16064516129032,
        69.06322580645161,
        69.28387096774193,
        69.29677419354839,
        69.39096774193548,
        69.26,
        69.4483870967742,
        69.30451612903225,
        69.47548387096774,
        69.45677419354838,
        69.42838709677419,
        69.52064516129032,
        69.75032258064516,
        69.5974193548387,
        69.67935483870967,
        69.80064516129032,
        69.64322580645161,
        69.55290322580645,
        69.57548387096774,
        69.46387096774194,
        69.60903225806452,
        69.71548387096774,
        69.89225806451613,
        69.70322580645161,
        69.85225806451614,
        69.81354838709677,
        69.81935483870967,
        69.95935483870967
    ],