{
    "epochs": [
        1,
        2,
        3,
        4,
        5,
        6,
        7,
        8,
        9,
        10,
        11,
        12,
        13,
        14,
        15,
        16,
        17
    ],
    "train_loss": [
        6.668890165513561,
        5.2962921207304925,
        4.734342108080464,
        4.359255850305865,
        4.125430138569493,
        3.9503107372283934,
        3.785552724702897,
        3.6115786067470426,
        3.474241794032435,
        3.338445517373854,
        3.232549171656947,
        3.1281540918657855,
        3.03337192966092,
        2.967629892349243,
        2.908107784209713,
        2.8493391090146956,
        2.7890751612140288
    ],
    "train_acc": [
        23.07483870967742,
        37.17483870967742,
        42.579354838709676,
        46.27483870967742,
        48.651612903225804,
        50.39032258064516,
        52.11032258064516,
        53.560645161290324,
        54.68322580645161,
        55.74967741935484,
        57.06709677419355,
        57.84258064516129,
        58.60516129032258,
        59.11096774193548,
        59.54387096774194,
        60.50451612903226,
        60.998709677419356
    ],
    "val_loss": [
        1.9313056385040284,
        1.7059300832748414,
        1.6549822866439818,
        1.6686199436187743,
        1.6042660583496093,
        1.4978453136444092,
        1.501730139541626,
        1.5060409702301025,
        1.2700050142288208,
        1.3675011945724487,
        1.3624511280059814,
        1.2307497077941894,
        1.164190191078186,
        1.1605926313400268,
        1.1984574937820434,
        1.1446067993164062,
        1.1009088382720946
    ],
    "val_acc": [
        35.72,
        46.49,
        50.96,
        52.33,
        55.18,
        58.78,
        59.08,
        59.49,
        64.58,
        63.57,
        64.14,
        67.28,
        68.98,
        69.03,
        69.02,
        70.07,
        70.01
    ]
}