{
    "epochs": [
        1,
        2,
        3,
        4,
        5,
        6,
        7,
        8,
        9,
        10,
        11,
        12,
        13,
        14,
        15,
        16,
        17,
        18,
        19,
        20,
        21,
        22,
        23,
        24,
        25,
        26,
        27,
        28,
        29,
        30,
        31,
        32,
        33,
        34,
        35,
        36
    ],
    "train_loss": [
        6.668890165513561,
        5.2962921207304925,
        4.734342108080464,
        4.359255850305865,
        4.125430138569493,
        3.9503107372283934,
        3.785552724702897,
        3.6115786067470426,
        3.474241794032435,
        3.338445517373854,
        3.232549171656947,
        3.1281540918657855,
        3.03337192966092,
        2.967629892349243,
        2.908107784209713,
        2.8493391090146956,
        2.7890751612140288,
        2.757624035423033,
        2.7295363135307067,
        2.6602495929964127,
        2.640101271684708,
        2.613995520585583,
        2.5842910549286873,
        2.5510665128400247,
        2.530157786880001,
        2.5019735363621867,
        2.468579408731768,
        2.441650163859706,
        2.4195591913038683,
        2.411301681186307,
        2.4066065856195267,
        2.3726842664287937,
        2.36679994158591,
        2.349870655601255,
        2.3243650818363313,
        2.3165996636298396
    ],
    "train_acc": [
        23.07483870967742,
        37.17483870967742,
        42.579354838709676,
        46.27483870967742,
        48.651612903225804,
        50.39032258064516,
        52.11032258064516,
        53.560645161290324,
        54.68322580645161,
        55.74967741935484,
        57.06709677419355,
        57.84258064516129,
        58.60516129032258,
        59.11096774193548,
        59.54387096774194,
        60.50451612903226,
        60.998709677419356,
        60.950967741935486,
        61.32838709677419,
        62.019354838709674,
        62.12838709677419,
        62.20516129032258,
        62.5658064516129,
        62.79806451612903,
        63.221935483870965,
        63.18645161290323,
        63.58516129032258,
        63.66903225806452,
        63.964516129032255,
        63.96774193548387,
        64.1541935483871,
        64.31354838709677,
        64.4025806451613,
        64.66903225806452,
        64.67225806451613,
        64.93935483870968
    ],
    "val_loss": [
        1.9313056385040284,
        1.7059300832748414,
        1.6549822866439818,
        1.6686199436187743,
        1.6042660583496093,
        1.4978453136444092,
        1.501730139541626,
        1.5060409702301025,
        1.2700050142288208,
        1.3675011945724487,
        1.3624511280059814,
        1.2307497077941894,
        1.164190191078186,
        1.1605926313400268,
        1.1984574937820434,
        1.1446067993164062,
        1.1009088382720946,
        1.1423719472885132,
        1.0561720504760743,
        1.0789186107635498,
        1.0886747886657715,
        1.1139789478302002,
        1.1533025379180908,
        1.0733008214950561,
        1.0638529190063477,
        1.0165962482452393,
        1.122847161102295,
        1.047416344833374,
        0.95660179271698,
        1.006272504425049,
        1.0423149656295776,
        1.1797331031799316,
        0.9161926383972168,
        0.9619725784301758,
        1.0538521074295044,
        0.8929953760147095
    ],
    "val_acc": [
        35.72,
        46.49,
        50.96,
        52.33,
        55.18,
        58.78,
        59.08,
        59.49,
        64.58,
        63.57,
        64.14,
        67.28,
        68.98,
        69.03,
        69.02,
        70.07,
        70.01,
        69.89,
        71.33,
        71.97,
        72.0,
        71.24,
        70.49,
        71.07,
        72.33,
        72.64,
        72.45,
        73.44,
        74.2,
        73.6,
        72.56,
        71.35,
        74.57,
        74.31,
        72.85,
        75.09
    ]
}