{
    "epochs": [
        1,
        2,
        3,
        4,
        5,
        6,
        7,
        8,
        9,
        10,
        11,
        12,
        13,
        14,
        15,
        16,
        17,
        18,
        19,
        20,
        21,
        22,
        23,
        24,
        25,
        26,
        27,
        28,
        29,
        30,
        31,
        32,
        33,
        34,
        35,
        36,
        37,
        38,
        39,
        40,
        41,
        42,
        43,
        44
    ],
    "train_loss": [
        15.166807904052733,
        12.946140451049805,
        11.15366227722168,
        10.051049267578126,
        9.347199899291992,
        8.80846216430664,
        8.293211167907716,
        8.004601846313477,
        7.74157585067749,
        7.4692350738525395,
        7.2501120880126955,
        7.035236131286621,
        6.861597666931153,
        6.706778598022461,
        6.558160061645508,
        6.43351526184082,
        6.202093360900879,
        6.0336206329345705,
        5.941150219726563,
        5.830057325744629,
        5.776065866851806,
        5.551074868011475,
        5.488919237518311,
        5.345445809173584,
        5.344889956665039,
        5.111479823303223,
        5.064283181762695,
        4.9214165519714355,
        4.793273709106446,
        4.751651498413086,
        4.738591363525391,
        4.631677328491211,
        4.653797816467285,
        4.416520227813721,
        4.4284245361328125,
        4.234714695739746,
        4.2130751754760745,
        4.15841849822998,
        4.113725656127929,
        4.06749093170166,
        3.9738458408355712,
        3.945854377746582,
        3.863377700805664,
        3.8506803565979
    ],
    "train_acc": [
        13.235,
        23.1275,
        33.3375,
        39.9425,
        44.3625,
        47.3475,
        49.9975,
        51.8525,
        53.0425,
        54.875,
        56.2875,
        57.6875,
        58.665,
        59.455,
        60.285,
        61.0725,
        62.3925,
        63.4575,
        63.835,
        64.6375,
        64.7925,
        66.255,
        66.5775,
        67.1875,
        67.445,
        68.6,
        68.985,
        69.6675,
        70.59,
        70.7175,
        71.01,
        71.34,
        71.3475,
        72.7125,
        72.73,
        73.8625,
        73.96,
        74.2925,
        74.4525,
        74.8725,
        75.33,
        75.6475,
        76.0725,
        76.2675
    ],
    "val_loss": [
        2.374183127975464,
        2.0687098289489745,
        2.0382519023895265,
        1.9070412322998047,
        2.003609913444519,
        1.8796049306869507,
        2.0029627687454226,
        1.8778807954788208,
        1.9822132503509522,
        1.9202073474884034,
        1.7797877347946167,
        1.8183049407958984,
        2.070382264518738,
        1.830221856689453,
        1.9477023283004762,
        1.6622151750564576,
        1.745945623779297,
        1.7112286266326904,
        1.6939631479263306,
        1.713866353416443,
        1.738213317489624,
        1.749303497505188,
        1.7105929950714112,
        1.791193014907837,
        1.6522074409484864,
        1.6633429636001587,
        1.9198296211242676,
        1.6978096569061278,
        1.6137068075180054,
        1.6679800577163697,
        1.6955067403793336,
        1.7054515119552611,
        1.7072363983154297,
        1.697703794670105,
        1.6323911741256714,
        1.8622780746459962,
        1.6574716928482056,
        1.7740648761749267,
        1.8679906690597534,
        1.7287762271881104,
        1.9137626794815064,
        1.8703921543121338,
        1.7289959955215455,
        1.9073884075164795
    ],
    "val_acc": [
        20.37,
        30.04,
        40.42,
        44.3,
        47.56,
        49.0,
        50.35,
        53.26,
        53.4,
        53.18,
        54.77,
        56.19,
        56.32,
        57.85,
        56.92,
        59.89,
        58.93,
        59.83,
        59.75,
        60.92,
        60.59,
        62.07,
        61.45,
        61.35,
        63.48,
        63.43,
        61.59,
        64.44,
        64.66,
        63.54,
        63.57,
        64.7,
        65.76,
        64.86,
        65.75,
        63.32,
        64.47,
        64.25,
        64.47,
        66.04,
        62.37,
        65.13,
        66.22,
        65.57
    ]
}