{
    "epochs": [
        1,
        2,
        3,
        4,
        5,
        6,
        7,
        8,
        9,
        10,
        11,
        12,
        13
    ],
    "train_loss": [
        5.637535459950765,
        4.880160153757731,
        4.383776328074138,
        4.016333738047282,
        3.7600837936909994,
        3.6073152315012615,
        3.416579446665446,
        3.325130756378174,
        3.245963973337809,
        3.116437719751994,
        3.0352975546264647,
        2.9049973624420167,
        2.8105350464630128
    ],
    "train_acc": [
        14.343333333333334,
        19.402666666666665,
        22.688666666666666,
        23.562,
        25.874,
        27.116666666666667,
        27.010666666666665,
        28.622,
        29.44,
        29.24266666666667,
        29.997333333333334,
        29.594,
        30.884
    ],
    "val_loss": [
        2.262271082305908,
        1.8642349153518676,
        1.7658004489898682,
        1.7773005344390869,
        1.5068794860839845,
        1.5855099771499634,
        1.4784410678863524,
        1.4103448629379272,
        1.372579659461975,
        1.3796013357162475,
        1.2708245897293091,
        1.2657619847297668,
        1.256995274925232
    ],
    "val_acc": [
        24.74,
        37.61,
        43.98,
        45.73,
        50.88,
        53.32,
        55.56,
        56.61,
        58.44,
        59.99,
        62.47,
        63.94,
        63.24
    ]
}