{
    "epochs": [
        1,
        2,
        3,
        4,
        5,
        6,
        7,
        8,
        9,
        10,
        11,
        12,
        13,
        14,
        15,
        16,
        17,
        18,
        19,
        20,
        21,
        22,
        23,
        24,
        25,
        26,
        27,
        28,
        29
    ],
    "train_loss": [
        2.23414622592926,
        1.5302869537353516,
        1.289360922050476,
        1.0683826051712035,
        0.8755713362693787,
        0.737145849609375,
        0.6163898159027099,
        0.5184873664379119,
        0.41214823269844053,
        0.3248493281841278,
        0.26322872276306153,
        0.21260817778110505,
        0.1646240294456482,
        0.15922383108139038,
        0.13160626497268677,
        0.10288538157939911,
        0.1318634256362915,
        0.1059027489542961,
        0.09912846074104309,
        0.10323884949684144,
        0.11187452259063721,
        0.10195768694877624,
        0.10572668352127075,
        0.08484925425052643,
        0.09339662203788757,
        0.1189145795583725,
        0.07496134883165359,
        0.07214421778917313,
        0.10308012773990631
    ],
    "train_acc": [
        25.855,
        43.4925,
        53.26,
        61.7075,
        69.19,
        73.6375,
        78.3525,
        81.3975,
        85.32,
        88.46,
        90.8325,
        92.6275,
        94.365,
        94.495,
        95.3775,
        96.41,
        95.46,
        96.4325,
        96.59,
        96.425,
        96.2025,
        96.5325,
        96.35,
        97.2125,
        96.8175,
        95.9775,
        97.535,
        97.63,
        96.52
    ],
    "val_loss": [
        1.740176614379883,
        1.4478414428710937,
        1.2701633459091186,
        1.1836658763885497,
        1.0485247975349425,
        0.8698776321411132,
        0.7826698831558228,
        0.79945885887146,
        0.8970613079071045,
        0.7748345813751221,
        0.7952701177597046,
        0.7731666299819946,
        1.0607959484100342,
        0.9517255472183228,
        0.7967647743225098,
        1.3036483150482179,
        0.8708759912490844,
        0.9628297222137451,
        0.9444437065124511,
        1.000804574394226,
        0.9277635492324829,
        0.8463700915336609,
        0.9893397496223449,
        0.8825527397155761,
        1.0233632766723633,
        0.780857183265686,
        0.7732404481887818,
        0.9619343305587769,
        1.073174093914032
    ],
    "val_acc": [
        35.73,
        46.84,
        54.28,
        60.05,
        63.94,
        69.44,
        72.8,
        72.28,
        70.38,
        74.83,
        75.3,
        75.81,
        71.74,
        75.09,
        78.3,
        70.53,
        76.66,
        75.81,
        75.7,
        75.42,
        75.51,
        77.59,
        74.89,
        77.36,
        74.58,
        78.38,
        79.04,
        76.02,
        74.55
    ]
}