{
    "epochs": [
        1,
        2,
        3,
        4,
        5,
        6,
        7,
        8
    ],
    "train_loss": [
        6.646208286743164,
        5.207470995178222,
        4.598921812591553,
        4.23232642578125,
        3.9662968846130373,
        3.7342797993469237,
        3.5441487861633303,
        3.3959235190582278
    ],
    "train_acc": [
        19.3835,
        34.8375,
        42.523,
        46.876,
        49.912,
        52.473,
        54.477,
        56.068
    ],
    "val_loss": [
        1.975585696411133,
        1.6858968839645385,
        1.7596788719177245,
        1.7601625873565674,
        1.4740175563812257,
        1.4482324310302734,
        1.2854121030807495,
        1.2752801193237304
    ],
    "val_acc": [
        28.65,
        44.41,
        48.43,
        50.63,
        55.72,
        59.41,
        61.48,
        62.62
    ]
}