{
    "epochs": [
        1,
        2,
        3
    ],
    "train_loss": [
        6.948894703674316,
        5.545745975420552,
        4.9497069528149025
    ],
    "train_acc": [
        17.178064516129034,
        30.41032258064516,
        37.689032258064515
    ],
    "val_loss": [
        1.8600509576797486,
        1.8068459045410157,
        1.616020036315918
    ],
    "val_acc": [
        30.39,
        38.54,
        45.21
    ]
}