{
    "epochs": [
        1,
        2,
        3
    ],
    "train_loss": [
        6.889138452099216,
        5.387067290989045,
        4.774545627766271
    ],
    "train_acc": [
        19.90451612903226,
        34.483225806451614,
        41.30064516129032
    ],
    "val_loss": [
        1.8229579093933106,
        1.8409910781860352,
        1.505003052520752
    ],
    "val_acc": [
        33.17,
        43.38,
        50.52
    ]
}